id,es,gl,en
KEY_SALIR,Salir,Saír,Exit
KEY_OPCIONES,Opciones,Opcións,Options
KEY_JUGAR,Jugar,Xogar,Play
KEY_CREDITOS,Créditos,Créditos,Credits
KEY_ATRAS,Atrás,Atrás,Back
KEY_IDIOMA,Idioma,Idioma,Language
KEY_VOLUMEN,Volumen,Volume,Volume
KEY_RESOLUCION,Resolución,Resolución,Resolution
KEY_PC,Pantalla Completa,Pantalla Completa,Fullscreen
KEY_CONTINUAR,Continuar,Continuar,Play
KEY_SORAYA,Soraya Antelo: Arte 2D,Soraya Antelo: Arte 2D,Soraya Antelo: 2D Art
KEY_RITA,Rita Cid: Modelados 3D y Narrativa,Rita Cid: Modelados 3D e Narrativa,Rita Cid: 3D Modeling and Narrative
KEY_IRENE,Irene García: Arte 2D y Narrativa,Irene García: Arte 2D e Narrativa,Irene García: 2D Art and Narrative
KEY_IVAN,Iván Iglesias: Programación,Iván Iglesias: Programación,Iván Iglesias: Programming
