keys,gl,es,en
Text/52/text,Bos días! Como vos atopades? Como vai a tenda?,¡Buenos días! ¿Cómo se encuentra? ¿Cómo va la tienda?,"Good morning! How are you feeling? How is the store doing?"
Text/53/text,B-bos días…pois por agora penso que ben. E vos?,"B-buenos días…pues por ahora creo que bien. ¿Y usted?","G-good morning...well for now I think it's good. And you?"
Text/54/text,A min lévame o demo! Férveme o sangue enteiro!,"¡A mí me lleva el diablo! ¡Me hierve la sangre entera!","The devil is taking me! My whole blood boils!"
Text/55/text,Vaia! E logo?! Que acontece?,"¡Vaya! ¿¡Y eso?! ¿Qué pasa?",Wow! How so?! What's happening?
Text/56/text,"Que VAI acontecer! Non deixo de pensar neses alma de can, malpoucados! Que nolo queren arrebatar todo!","¡Qué VA a pasar! No dejo de pensar en esos perros, ¡malpoucados! ¿Quieren arrebatárnoslo todo!","What's going to happen! I can't stop thinking about those dogs, malpoucados! They want to take everything from us!"
Text/57/text,"P-perdoe, pero quenes…?","P-perdone, ¿pero quienes…?","E-excuse me, but who...?"
Text/58/text,"Quen ha ser?! Os cocháns dos luteranos que veñen do norte. Mal demo os leve. Non teñen co seu, han de vir aquí a polo noso. Pero ti non te preocupes, que han de chorar á Frouseira.","¿¡Quienes han de ser?! Los cocháns de los luteranos que vinen del norte. Mal demo os leve. No tienen suficiente con lo suyo, tienen que venir aquí a por lo nuestro. Pero tú no te preocupes, que han de llorar a la Frouseira.","Who would they be?! Those pigs of the Lutherans who come from the north. Mal demo os leve. They don't have enough of their own, they have to come here for our land. But don't worry, they’ll go cry to Frouseira."
Text/59/text,"A-ah, sí?","¿A-ah, sí?","A-ah, is that so?"
Text/5a/text,"Arrenego do demo que sí! E ti hasme axudar! Eu, coas miñas propias mans dareilles conta a esos cocháns, por San Telmo vivo! Mais…preciso un suplemento que me outorgue farta forza para mallar neles e darlles nos narices. Son moitos e moi almas de can! Entendes?","¡Arrea que sí! ¡Y tú has de ayudarme! Yo, con mis propias manos me encargaré de esos cerdos, ¡por San Telmo vivo! Con todo…necesito un suplemento que me otorgue harta fuerza para mandar en ellos y darles en las narices. ¡Son muchos y muy perros! ¿Entiendes?
","You know that! And you must help me! I, with my own hands, will take care of those pigs, I swear on my life! All in all...I need a supplement that gives me a lot of strength to command them and hit them in the face. There are many and very astute! Do you understand?"
Text/5b/text,Entendo?...Penso que sí. Vou ver o que podo facer.,"¿Entiendo?...Pienso que sí. Voy a ver lo que puedo hacer.","Do ​​I understand?...I think so. I'll see what I can do."