keys,gl,es,en
Text/2c/text,Ola? Podo pasar?,¿Hola? ¿Puedo pasar?,Hello? May I come in?
Text/2d/text,"Ai! Ola, ola! Si, pasa por favor!","¡Ay! ¡Hola, hola! ¡Sí, pasa por favor!","Oh! Hello, hello! Yes, please come in!"
Text/2e/text,Graciñas. Oh! Ti non es a dama habitual. Creo que non te vin por aquí antes.,Gracias. ¡Oh! No eres la mujer de siempre. Creo que no te he visto por aquí antes.,Thank you. Oh! You're not the lady who tends to be here. I don't think I've seen you around before.
Text/2f/text,"Non, señora. Creo que refírestes á miña avoa, pero agora son eu o encargade da tenda. Chámome Queixo.","No, señora. Creo que te refieres a mi abuela, pero ahora soy yo el encargade de la tienda. Me llamo Queixo.","No, ma'am. I think you mean my grandmother, but I'm in charge of the shop now. My name is Queixo."
Text/30/text,"Ah pois encantada Queixo! Eu son Muselina, a túa avoa facía uns remedios fantásticos, así que adoito vir bastante por aquí. Estou segura de que ti poderás axudarme tamén.","¡Ah pois encantada Queixo! Yo son Muselina, tu abuela hace unos remedios fantásticos, así que suelo venir bastante por aquí. Estoy segura de que tú podrás ayudarme también.","Oh, well, Queixo! I'm Muselina, your grandmother makes some fantastic remedies, so I come here quite often. I'm sure you can help me too."
Text/31/text,Si… eeeh… Si! Claro… iso espero. Cal é o problema?,Sí… eeeh… ¡Sí! Claro… eso espero. ¿Cuál es el problema?,Yes… uh… Yes! Of course… I hope so. What's the problem?
Text/32/text,"Ai corazón, pois o de sempre… Sombras que agóchanse para atacar cando menos cho esperas, noites en vela nas que o soño fuxe lonxe de min, mañás longas e lentas…","Ay corazón, pues lo de siempre… Sombras que acechan para atacar cuando menos te lo esperas, noches en vela en las que el sueño se escapa lejos de mí, mañanas largas y lentas…","Oh, dear, well, the usual… Shadows that lurk, ready to strike when you least expect it, sleepless nights where sleep eludes me, long and slow mornings…"
Text/33/text,Ai! Crees que tes algo para min?,¡Ay! ¿Crees que tienes algo para mí?,Oh! Do you think you have anything for me?
Text/34/text,"Si, si, dame tan só un segundo…","Sí, sí, dame tan solo un segundo…","Yes, yes, just give me a second…"
Text/35/text,(A ver… espero que o libro da avoa poida axudarme. Vou collelo e miro na mesa de traballo que podo facer.),(A ver… espero que el libro de la abuela me ayude. Voy a cogerlo y miro en la mesa de trabajo que puedo hacer.),(Let's see… I hope Granny's book will help me. I'll get it and see what I can make on the workbench.)
