keys,gl
Text/20/text,Ola!
Text/21/text,Non nos deu tempo a rematar o xoguiño
Text/22/text,¡SÍNTOO! Pero seguiremos
Text/23/text,Voltade en 2 semanas
Text/24/text,"Pero se tocades a mesa e creádesme un Zume Sosego, agradeceríavolo"
Text/25/text,"Vaise ver coma o carallo, pero é que non paguei a factura da luz"
Text/26/text,"E por si fora poco, os ingredientes son figuras xeométricas e non tes ningunha guia"
Text/27/text,"Só tes un libro que, se o abres, quedarás atrapado pra sempre"
Text/28/text,"Ti toca a mesa, mete dous movidas desas no caldero e que sea o que Deus queira"
Text/29/text,"MOITA SORTE, EU CONFÍO EN TI"
